country,type,items,blogs,facebook,news,policies,twitter,wikipedia
AW,closed,4,0,0,0,0,1,0
BE,closed,52275,1427,4159,1400,765,19651,703
BH,closed,323,3,17,4,4,78,4
CG,closed,106,7,6,2,1,31,1
CN,closed,1231547,10955,27341,13693,2495,193770,4790
DO,closed,84,2,11,2,3,33,1
DZ,closed,12701,23,226,33,9,951,21
GQ,closed,3,0,1,0,0,2,0
GW,closed,46,3,6,3,1,28,2
HT,closed,36,0,6,1,2,11,0
HU,closed,13772,201,651,200,65,3283,163
KM,closed,7,0,2,0,0,4,0
KR,closed,218137,2208,7834,2979,851,40364,1009
LC,closed,5,0,1,0,0,2,0
MG,closed,281,15,31,8,3,93,13
MK,closed,714,7,27,7,4,114,4
NI,closed,70,2,6,3,0,16,2
NP,closed,839,26,108,20,20,305,11
QA,closed,2831,54,188,44,19,864,18
RW,closed,287,10,23,10,12,117,4
SK,closed,8129,101,244,91,12,1534,64
SM,closed,26,1,1,0,0,6,0
SN,closed,725,13,36,9,19,183,2
SV,closed,41,4,4,4,1,22,2
TG,closed,154,1,8,0,3,30,2
TZ,closed,1070,30,101,19,30,382,7
AL,closed,251,8,8,5,2,62,1
BZ,closed,16,1,4,0,0,7,1
CR,closed,1000,34,121,27,29,350,15
EE,closed,4359,105,295,61,20,1164,78
ES,closed,153587,3306,12295,4609,1478,52030,1376
FI,closed,32640,956,2896,1136,436,12219,322
GB,closed,192025,9860,20632,8558,5608,87638,4186
GD,closed,250,3,32,9,1,112,8
GP,closed,248,3,7,2,2,53,3
IL,closed,42752,1483,3893,1567,400,15788,663
JM,closed,457,15,28,5,7,118,3
KE,closed,2147,124,202,82,92,850,28
KG,closed,160,4,4,0,0,28,1
KI,closed,4,0,0,0,0,0,0
LA,closed,160,9,11,2,2,58,3
LV,closed,1946,17,84,16,6,338,24
MD,closed,618,3,13,1,0,72,1
MW,closed,403,13,26,9,14,135,1
NA,closed,187,8,23,5,4,67,2
PF,closed,121,6,11,6,3,31,4
PW,closed,15,2,3,2,3,8,0
PY,closed,151,3,18,4,2,62,1
SD,closed,798,7,31,5,8,134,5
TR,closed,95462,634,3904,685,442,18638,320
TT,closed,484,9,27,8,6,129,1
VC,closed,6,0,0,0,0,3,0
WS,closed,18,1,3,0,2,8,0
AO,closed,59,1,5,2,0,17,2
AT,closed,30514,888,2199,1103,388,9436,391
BI,closed,52,0,4,0,0,14,0
BJ,closed,589,11,41,3,7,145,11
BR,closed,130613,2077,9762,2122,658,35089,1095
CF,closed,26,0,3,0,0,5,0
CL,closed,14931,325,934,264,133,4484,189
CM,closed,2279,32,67,11,27,410,5
CY,closed,2724,38,158,37,35,675,20
ER,closed,37,0,2,1,0,9,0
FK,closed,19,2,7,0,0,14,0
GA,closed,184,3,7,4,3,74,10
GE,closed,886,10,35,6,4,142,10
GT,closed,135,4,19,0,3,49,2
IE,closed,19650,634,1890,617,303,8870,246
KN,closed,102,4,11,1,0,58,0
LS,closed,47,0,9,1,1,14,0
MZ,closed,249,11,26,5,8,86,5
NC,closed,247,10,21,2,13,85,4
NE,closed,140,1,7,1,2,26,0
NL,closed,86988,3627,10088,3763,3080,40752,1263
NO,closed,27694,1139,2903,1405,517,10713,351
NR,closed,4,0,0,0,0,0,0
PA,closed,523,44,79,49,8,258,20
PG,closed,132,3,16,4,12,56,4
RE,closed,73,6,7,2,1,20,0
RO,closed,14803,113,480,100,53,2082,59
SB,closed,15,0,2,0,0,4,0
SL,closed,47,0,7,3,1,15,2
TL,closed,15,2,2,0,1,2,0
TM,closed,26,0,0,0,0,0,0
UA,closed,15212,51,283,48,6,1303,101
UZ,closed,965,1,15,0,6,78,2
VN,closed,8926,114,304,62,49,1313,50
ZA,closed,30319,1613,2509,719,336,10051,451
ZM,closed,324,15,34,11,16,141,2
AD,closed,14,0,0,0,0,4,0
AF,closed,80,1,6,2,3,32,0
AG,closed,2,0,0,0,0,1,0
AM,closed,1790,7,27,8,1,148,8
AN,closed,24,2,5,2,0,17,1
AR,closed,28338,421,1795,338,137,7737,638
BN,closed,328,7,16,2,2,76,5
CD,closed,367,9,48,7,9,158,7
CI,closed,538,7,19,6,4,112,4
CO,closed,9342,162,620,133,69,2664,111
CU,closed,1907,23,79,24,12,545,16
DM,closed,18,3,4,0,0,10,2
EG,closed,37142,233,1440,344,177,6289,166
FJ,closed,296,13,28,2,13,83,7
GY,closed,39,4,4,3,1,18,2
HR,closed,7787,75,326,94,42,1692,61
IN,closed,277098,2015,8297,2317,973,43446,1613
IR,closed,146133,711,3284,913,216,17139,537
IS,closed,2013,75,201,72,41,696,36
JP,closed,262105,4137,13440,4777,998,67673,1712
KZ,closed,2052,11,44,7,5,203,8
LY,closed,435,6,42,10,1,110,6
MM,closed,191,10,13,12,4,64,3
MR,closed,45,1,1,0,0,14,0
MX,closed,39970,549,2075,436,160,9372,347
PH,closed,2484,68,265,35,43,706,24
PL,closed,67901,649,2638,704,202,13582,522
PT,closed,39411,657,3746,694,315,11024,297
SC,closed,38,5,12,3,9,21,0
SE,closed,57013,2153,5305,2365,990,22012,815
SI,closed,9423,100,386,96,70,2001,92
SR,closed,46,2,5,3,0,16,0
TC,closed,2,0,1,0,0,2,0
TH,closed,24311,267,1296,298,200,5036,227
TJ,closed,159,2,2,2,0,12,1
VA,closed,10,0,1,0,0,4,1
VU,closed,41,6,3,1,3,8,2
YE,closed,492,12,28,2,2,91,2
BA,closed,691,10,26,8,6,127,5
BB,closed,160,5,9,6,10,46,0
BF,closed,529,8,22,3,9,119,2
BG,closed,4620,26,141,43,17,713,29
BM,closed,33,2,6,2,1,19,0
BY,closed,3146,4,32,14,2,171,7
CH,closed,55286,2455,5194,2619,843,21943,881
CW,closed,9,1,2,0,0,5,0
DJ,closed,25,0,2,0,0,9,4
EC,closed,1706,47,212,36,11,670,28
FR,closed,185027,3861,11505,4588,1558,55854,1906
GF,closed,114,8,6,4,0,45,3
GH,closed,1940,30,104,30,29,569,17
GL,closed,80,6,13,10,0,36,5
GM,closed,65,2,9,1,1,27,1
GN,closed,62,4,4,5,1,20,0
GR,closed,34578,491,1905,518,355,8915,302
HN,closed,43,1,6,0,1,12,0
ID,closed,4673,97,280,64,75,1105,41
IT,closed,197452,3744,13197,4534,1978,60128,1941
JO,closed,4753,39,220,45,31,972,27
LB,closed,3985,56,248,50,42,1185,38
LK,closed,1686,52,108,33,39,474,30
MH,closed,3,0,1,0,1,1,0
ML,closed,160,4,11,5,6,48,4
MN,closed,289,5,18,3,3,64,5
MT,closed,770,16,63,19,3,225,10
MU,closed,377,9,19,9,7,86,7
MY,closed,33647,257,1192,289,140,4956,247
NG,closed,7865,123,314,98,68,1802,40
NZ,closed,27518,1202,2831,1156,806,11545,587
PE,closed,1364,44,139,32,27,496,30
PS,closed,294,6,9,1,0,59,0
SO,closed,12,0,1,0,0,7,0
SS,closed,11,0,0,0,0,5,0
ST,closed,5,1,2,2,0,3,0
TD,closed,28,0,0,0,0,3,0
TO,closed,4,0,0,0,2,1,0
TW,closed,98333,946,4182,1118,432,18805,377
US,closed,1101500,59009,131024,64985,19001,476626,18781
VE,closed,1871,23,90,21,6,481,35
ZW,closed,885,33,64,21,24,293,8
AE,closed,5410,71,240,87,32,1245,48
AI,closed,5,0,0,0,0,1,0
AU,closed,177045,8042,21481,9880,6215,78592,3002
AZ,closed,1605,3,18,5,3,80,6
BD,closed,4640,61,244,63,72,951,31
BO,closed,291,11,26,7,4,99,4
BQ,closed,1,0,1,0,0,1,0
BS,closed,65,2,19,1,1,35,2
BT,closed,75,3,12,1,4,25,1
BW,closed,546,18,62,12,11,178,0
CA,closed,197265,7778,21039,7943,2884,80348,2667
CK,closed,6,0,0,0,0,2,0
CV,closed,21,1,3,2,0,5,1
CZ,closed,31562,461,1580,383,110,7603,376
DE,closed,296828,8604,21669,10894,2847,93603,3762
DK,closed,39284,1617,4370,1911,749,17133,540
ET,closed,2371,69,101,47,51,663,30
FM,closed,9,0,0,0,1,4,0
GI,closed,10,1,5,2,0,5,2
IQ,closed,3603,18,75,21,5,445,12
KH,closed,221,9,23,6,2,96,4
KP,closed,210,0,3,1,0,20,0
KW,closed,2141,23,75,18,9,491,15
KY,closed,6,0,0,1,0,2,0
LI,closed,131,2,6,3,0,40,2
LR,closed,13,0,1,1,1,6,0
LT,closed,5850,40,165,48,18,919,29
LU,closed,1708,38,110,36,23,537,19
MA,closed,6729,32,162,29,24,699,39
MC,closed,172,15,21,14,1,64,4
ME,closed,394,3,5,3,0,48,0
MV,closed,30,2,13,2,0,13,0
OM,closed,1701,26,72,10,4,356,11
PK,closed,23963,145,826,157,94,3424,140
RS,closed,14677,103,476,118,36,2402,57
RU,closed,146502,775,1507,1246,81,11074,1012
SA,closed,25565,267,891,306,111,4484,134
SG,closed,40472,1138,2293,1504,219,10635,347
SX,closed,4,0,2,1,0,2,0
SY,closed,708,6,31,3,7,99,5
SZ,closed,61,4,4,2,1,20,2
TN,closed,17548,91,512,92,40,2328,70
UG,closed,1041,49,101,35,34,427,12
UY,closed,2454,49,171,47,18,785,43
AL,gold,77,0,4,0,1,17,0
BZ,gold,8,1,5,2,0,8,0
CR,gold,321,17,58,16,4,133,8
EE,gold,1151,64,158,43,7,490,37
ES,gold,40221,2005,6392,2648,280,22354,721
FI,gold,7069,611,1283,636,106,4595,135
GB,gold,59852,8101,13991,7917,1900,47841,2070
GD,gold,22,0,3,1,0,15,0
GP,gold,84,1,12,5,1,57,2
IL,gold,6970,564,1134,531,35,4765,192
JM,gold,76,1,11,1,1,30,0
KE,gold,1659,146,290,154,119,1213,25
KG,gold,47,0,3,1,1,21,1
LA,gold,125,9,21,5,4,95,3
LV,gold,338,6,26,7,2,106,3
MD,gold,42,4,3,2,0,12,0
MW,gold,452,29,57,18,18,282,2
NA,gold,68,2,13,3,1,34,0
PF,gold,55,7,13,7,8,38,5
PW,gold,3,1,1,1,0,2,0
PY,gold,53,4,9,2,1,16,0
SD,gold,374,7,46,14,9,184,5
TR,gold,15011,132,913,165,55,3408,78
TT,gold,89,6,12,3,1,47,1
VC,gold,1,0,0,0,0,0,0
AW,gold,1,0,0,0,0,0,0
BE,gold,10983,772,1867,693,171,7836,313
BH,gold,69,2,6,2,1,33,4
CG,gold,48,2,11,2,3,40,0
CN,gold,262950,5611,15886,6452,784,97926,2184
DO,gold,28,0,2,1,0,12,1
DZ,gold,1080,7,50,11,1,241,12
GQ,gold,2,1,1,1,0,2,0
GW,gold,48,0,5,0,0,38,3
HT,gold,28,0,11,1,3,19,2
HU,gold,3574,152,441,179,10,1885,80
KM,gold,4,0,0,0,0,1,0
KR,gold,43760,892,3354,1364,147,17267,372
LC,gold,2,0,0,1,0,0,0
MG,gold,157,15,32,12,2,119,7
MK,gold,240,1,10,7,1,45,3
NI,gold,36,1,9,3,4,23,0
NP,gold,878,55,158,47,37,416,16
QA,gold,695,29,99,28,11,413,10
RW,gold,212,8,31,11,7,132,2
SK,gold,1627,29,97,33,4,454,20
SM,gold,3,0,0,0,0,2,0
SN,gold,360,17,59,17,9,222,13
SV,gold,21,1,4,1,0,6,0
TG,gold,45,2,10,2,1,30,2
TZ,gold,1183,59,189,66,42,808,13
AD,gold,3,0,0,0,0,1,0
AF,gold,31,0,3,3,0,19,0
AG,gold,5,0,0,0,1,4,0
AM,gold,514,37,143,62,3,448,7
AN,gold,10,1,6,0,0,8,0
AR,gold,5947,220,809,151,34,2477,147
BN,gold,68,2,5,2,1,28,2
CD,gold,168,14,42,6,11,113,2
CI,gold,234,10,32,7,5,145,3
CO,gold,3738,132,470,90,20,1439,45
CU,gold,458,10,41,10,4,175,10
DM,gold,6,0,1,0,0,3,1
EG,gold,5725,116,397,113,25,1857,41
FJ,gold,56,0,8,2,3,28,1
GY,gold,8,1,0,1,0,5,1
HR,gold,2789,51,136,56,8,644,20
IN,gold,30475,818,2880,1031,369,12082,545
IR,gold,11747,183,715,155,34,3286,86
IS,gold,460,37,92,37,3,262,9
JP,gold,50742,2610,6487,2784,212,28977,790
KZ,gold,314,6,21,4,2,116,4
LY,gold,132,2,26,3,1,62,1
MM,gold,148,7,27,6,8,113,2
MR,gold,19,0,2,0,0,13,1
MX,gold,12356,324,1240,256,51,4571,165
PH,gold,516,43,88,27,16,279,19
PL,gold,22319,340,2033,387,54,7426,266
PT,gold,8436,369,1395,355,47,4299,141
SC,gold,9,1,5,3,2,7,0
SE,gold,17437,1313,3265,1591,313,11699,426
SI,gold,2454,51,168,51,10,879,41
SR,gold,22,0,1,2,0,9,1
TC,gold,2,0,1,0,0,1,0
TH,gold,5610,161,605,146,143,2374,74
TJ,gold,12,0,2,0,0,7,0
VA,gold,1,0,1,0,0,1,0
VU,gold,5,1,3,0,0,5,0
YE,gold,131,1,10,1,3,53,0
AO,gold,58,1,11,5,2,35,0
AT,gold,7956,667,1338,856,76,5086,232
BI,gold,15,3,2,1,0,9,0
BJ,gold,260,13,35,11,6,162,3
BR,gold,77643,1651,8025,1400,267,20948,732
CF,gold,42,2,7,2,1,31,0
CL,gold,8220,192,748,200,21,2902,111
CM,gold,882,34,116,28,14,496,5
CY,gold,425,21,68,18,3,249,5
ER,gold,21,4,1,1,0,12,0
GA,gold,150,10,32,11,5,109,8
GE,gold,154,7,30,4,1,102,1
GT,gold,85,5,26,6,3,51,5
IE,gold,3600,326,658,306,51,2664,107
KN,gold,27,2,5,2,2,17,0
LS,gold,32,0,5,0,2,16,2
MZ,gold,279,13,52,28,5,192,6
NC,gold,116,19,23,10,10,88,1
NE,gold,50,0,5,4,1,26,1
NL,gold,24251,1883,4492,1765,813,17568,541
NO,gold,9201,897,1854,879,167,6191,185
PA,gold,280,47,87,41,3,212,14
PG,gold,88,9,15,8,9,71,1
RE,gold,43,4,6,7,0,39,1
RO,gold,3662,72,314,76,9,1134,31
SB,gold,11,1,2,1,2,8,0
SL,gold,44,4,12,7,3,34,4
TL,gold,3,0,0,0,0,2,0
TM,gold,25,0,2,0,0,0,0
UA,gold,1451,18,68,26,3,441,19
UZ,gold,81,0,2,1,0,32,0
VN,gold,1881,75,197,55,25,806,23
ZA,gold,11685,638,1690,554,228,5265,231
ZM,gold,321,15,54,11,11,228,3
AE,gold,919,35,90,48,5,455,14
AI,gold,1,0,0,0,0,1,0
AU,gold,32335,3534,7482,3913,1218,23918,1002
AZ,gold,141,1,8,0,0,29,0
BD,gold,1621,60,182,61,49,850,33
BO,gold,106,8,24,7,3,55,6
BS,gold,12,1,5,1,0,10,0
BT,gold,48,2,8,4,4,35,2
BW,gold,204,12,48,16,6,119,2
CA,gold,34744,3115,6688,2997,562,24185,968
CV,gold,14,0,1,0,0,5,0
CZ,gold,6529,240,705,185,14,3076,159
DE,gold,64959,5085,9703,5574,569,42063,1605
DK,gold,10264,818,1846,858,153,6996,254
ET,gold,2656,192,327,61,36,1614,26
FM,gold,1,0,0,0,0,0,0
GI,gold,2,1,2,1,0,2,0
IQ,gold,782,12,49,22,1,262,4
KH,gold,215,16,42,16,14,176,2
KP,gold,16,0,0,1,0,3,0
KW,gold,599,20,46,17,7,254,5
LI,gold,20,0,0,1,0,8,0
LR,gold,20,4,6,7,3,16,2
LT,gold,1611,29,122,24,6,509,15
LU,gold,462,44,79,48,4,326,12
MA,gold,1248,34,148,49,6,549,11
MC,gold,42,13,5,5,0,31,2
ME,gold,240,1,6,4,0,13,4
MV,gold,6,3,1,1,0,5,0
OM,gold,299,11,31,9,4,126,5
PK,gold,6709,90,415,89,51,2063,42
RS,gold,6490,43,173,33,24,646,24
RU,gold,7534,356,787,491,16,3864,189
SA,gold,9046,226,633,223,56,3176,78
SG,gold,5951,460,841,612,42,3629,142
SY,gold,158,2,9,4,2,51,1
SZ,gold,27,1,4,1,1,19,0
TN,gold,1730,23,125,31,7,566,29
UG,gold,1298,91,243,89,62,962,22
UY,gold,599,20,70,15,4,291,17
BA,gold,378,2,13,3,2,60,2
BB,gold,32,0,7,3,1,28,0
BF,gold,331,21,46,13,13,212,1
BG,gold,821,21,53,16,3,253,13
BM,gold,16,7,5,3,0,10,1
BY,gold,134,4,14,4,0,57,2
CH,gold,17267,1618,3157,1598,324,12305,471
CW,gold,3,1,3,2,0,3,0
DJ,gold,7,0,0,0,0,6,0
EC,gold,690,53,143,48,4,380,20
FR,gold,34388,2324,5237,2735,345,23044,883
GF,gold,96,10,16,5,1,74,1
GH,gold,1181,60,182,46,34,750,19
GL,gold,54,7,12,9,0,29,3
GM,gold,138,10,18,7,4,107,2
GN,gold,34,2,10,6,7,30,1
GR,gold,4664,191,530,154,59,2319,85
HN,gold,35,0,5,1,0,17,0
ID,gold,1271,92,166,62,48,621,18
IT,gold,42484,2111,5917,2377,350,24862,804
JO,gold,807,11,42,14,6,233,2
LB,gold,840,39,127,42,20,499,14
LK,gold,830,54,119,54,50,473,18
MH,gold,1,0,1,0,0,1,0
ML,gold,113,8,23,9,7,87,3
MN,gold,76,4,11,5,1,48,1
MT,gold,121,6,17,6,0,52,1
MU,gold,54,5,6,3,1,27,4
MY,gold,9901,252,843,261,59,3579,125
NG,gold,2174,70,205,49,22,944,23
NZ,gold,3881,388,856,428,113,2775,143
PE,gold,676,50,177,49,27,405,12
PS,gold,152,16,13,4,2,74,1
SO,gold,6,0,1,1,0,4,0
SS,gold,7,0,0,0,0,4,0
ST,gold,1,0,1,0,0,1,0
TD,gold,17,2,1,1,0,13,0
TO,gold,1,0,0,0,0,1,0
TW,gold,26989,495,2484,784,114,11306,238
US,gold,194815,23175,39844,23905,3110,139058,6459
VE,gold,419,13,48,12,2,160,5
ZW,gold,304,14,49,17,12,168,2
BE,hybrid,4268,268,706,362,130,2492,118
BH,hybrid,21,0,2,1,0,6,0
CG,hybrid,17,4,2,1,2,9,0
CN,hybrid,69415,1341,3213,1898,230,20981,577
DO,hybrid,9,0,0,1,1,6,0
DZ,hybrid,264,1,11,1,1,32,1
GW,hybrid,14,0,5,5,1,11,1
HT,hybrid,7,0,2,1,0,4,2
HU,hybrid,1508,45,125,48,13,531,22
KR,hybrid,20635,325,1086,554,127,5673,162
MG,hybrid,13,0,1,0,0,5,1
MK,hybrid,91,0,3,1,0,7,2
NI,hybrid,10,2,2,2,2,5,0
NP,hybrid,78,6,19,6,8,48,3
QA,hybrid,250,21,57,23,4,133,5
RW,hybrid,40,6,6,4,1,25,0
SK,hybrid,711,7,26,7,2,103,6
SM,hybrid,1,0,0,0,0,0,0
SN,hybrid,55,2,2,0,1,15,1
SV,hybrid,6,1,3,1,1,3,1
TG,hybrid,10,0,0,0,0,3,0
TZ,hybrid,185,16,43,15,6,125,6
AF,hybrid,10,0,2,2,1,7,0
AM,hybrid,360,63,82,46,1,339,13
AR,hybrid,1095,34,112,33,12,377,22
BN,hybrid,15,3,5,2,0,9,1
CD,hybrid,26,0,3,0,0,15,0
CI,hybrid,30,3,3,2,1,14,0
CO,hybrid,653,27,60,24,18,223,6
CU,hybrid,148,4,10,6,1,42,2
DM,hybrid,1,0,0,0,0,0,0
EG,hybrid,1225,23,77,21,11,344,9
FJ,hybrid,18,1,1,1,2,6,0
GY,hybrid,2,1,0,1,0,1,0
HR,hybrid,627,9,41,10,0,162,11
IN,hybrid,7371,162,540,204,88,2100,129
IR,hybrid,5199,60,213,69,37,878,34
IS,hybrid,156,15,21,16,8,83,2
JP,hybrid,25466,957,2634,1178,171,10987,358
KZ,hybrid,95,4,8,2,0,23,1
LY,hybrid,32,0,4,0,0,11,0
MM,hybrid,14,2,3,1,2,8,0
MR,hybrid,1,0,0,0,0,1,0
MX,hybrid,2631,55,197,55,24,675,31
PH,hybrid,160,9,22,4,7,61,1
PL,hybrid,16143,266,933,241,67,3996,187
PT,hybrid,2110,106,371,116,20,917,51
SC,hybrid,1,0,1,0,1,1,0
SE,hybrid,11515,899,1958,1173,254,6713,319
SI,hybrid,720,13,60,19,2,247,11
SR,hybrid,3,0,1,0,0,3,0
TH,hybrid,1261,39,109,39,43,449,21
TJ,hybrid,5,0,1,0,0,2,0
VA,hybrid,2,0,2,2,0,2,0
YE,hybrid,22,0,1,0,0,5,0
AL,hybrid,21,0,0,0,0,2,0
BZ,hybrid,1,0,0,0,0,1,0
CR,hybrid,103,10,21,6,6,47,2
EE,hybrid,285,23,36,12,3,127,11
ES,hybrid,11023,572,1600,854,146,5473,214
FI,hybrid,3260,220,520,285,58,1898,61
GB,hybrid,72402,8467,15611,8890,2643,51131,2514
GD,hybrid,6,0,1,1,0,5,0
GP,hybrid,17,2,0,1,0,7,1
IL,hybrid,2653,230,431,235,31,1472,80
JM,hybrid,10,0,1,0,0,6,0
KE,hybrid,529,86,100,69,68,363,10
KG,hybrid,3,0,0,0,0,2,0
LA,hybrid,35,3,6,1,2,25,1
LV,hybrid,111,3,10,0,0,22,1
MD,hybrid,29,0,5,3,1,15,0
MW,hybrid,116,15,27,14,8,82,3
NA,hybrid,14,0,1,1,0,3,0
PF,hybrid,14,3,3,3,1,10,1
PW,hybrid,2,0,1,0,1,2,0
PY,hybrid,12,0,1,0,0,2,0
SD,hybrid,55,1,5,0,0,21,1
TR,hybrid,4447,35,155,48,14,711,22
TT,hybrid,21,1,4,1,1,14,0
AO,hybrid,13,1,3,1,0,5,0
AT,hybrid,8581,532,1046,747,97,4215,243
BI,hybrid,6,1,4,0,2,5,0
BJ,hybrid,46,1,4,0,1,12,1
BR,hybrid,11073,212,757,265,77,2611,118
CF,hybrid,1,0,0,0,0,1,0
CL,hybrid,1280,36,117,40,9,393,23
CM,hybrid,118,4,8,2,1,36,1
CY,hybrid,187,8,18,9,4,80,1
ER,hybrid,3,1,1,0,0,2,1
GA,hybrid,30,0,7,2,1,12,1
GE,hybrid,61,1,4,0,2,22,1
GT,hybrid,9,1,4,1,1,5,0
IE,hybrid,1479,137,260,137,32,942,51
KN,hybrid,14,3,4,1,1,10,0
LS,hybrid,1,0,0,0,0,1,0
MZ,hybrid,48,5,6,4,2,29,0
NC,hybrid,11,0,0,1,0,8,0
NE,hybrid,25,2,3,1,1,11,0
NL,hybrid,22835,1460,3783,1549,767,13790,523
NO,hybrid,4139,398,803,460,119,2514,107
PA,hybrid,72,11,17,10,3,55,3
PG,hybrid,11,0,2,0,1,7,0
RE,hybrid,5,1,0,0,0,2,0
RO,hybrid,854,17,44,14,4,199,6
SB,hybrid,4,0,1,0,0,4,0
SL,hybrid,13,0,2,0,0,9,0
TL,hybrid,3,0,0,0,0,1,0
TM,hybrid,1,0,0,0,0,0,0
UA,hybrid,518,6,28,8,0,134,5
UZ,hybrid,26,0,1,0,0,6,1
VN,hybrid,528,14,42,19,15,188,9
ZA,hybrid,2178,123,271,122,63,913,42
ZM,hybrid,52,3,5,4,1,26,1
AE,hybrid,271,11,28,13,4,95,0
AI,hybrid,1,0,0,0,0,1,0
AU,hybrid,10894,1205,2495,1444,541,7151,389
AZ,hybrid,28,0,1,3,0,6,1
BD,hybrid,316,12,35,19,13,125,7
BO,hybrid,29,2,2,0,0,11,1
BS,hybrid,4,1,2,2,0,3,0
BT,hybrid,12,2,2,2,0,8,0
BW,hybrid,31,1,5,2,0,15,0
CA,hybrid,13110,1247,2463,1378,378,7862,383
CV,hybrid,1,0,0,0,0,1,0
CZ,hybrid,2612,68,214,80,18,831,41
DE,hybrid,29349,2191,4132,2826,479,16186,886
DK,hybrid,4072,412,855,514,119,2518,142
ET,hybrid,279,15,30,10,12,137,4
IQ,hybrid,234,7,15,8,2,66,3
KH,hybrid,36,3,6,2,1,20,1
KP,hybrid,6,1,0,1,0,2,1
KW,hybrid,61,1,3,1,2,17,1
LI,hybrid,5,1,0,0,0,2,0
LR,hybrid,1,0,0,0,0,0,0
LT,hybrid,662,8,26,4,1,95,5
LU,hybrid,288,27,41,26,7,164,7
MA,hybrid,300,6,33,20,1,120,3
MC,hybrid,16,1,2,2,0,11,2
ME,hybrid,25,0,1,0,0,3,0
MV,hybrid,1,0,0,0,0,0,0
OM,hybrid,60,0,7,0,1,18,0
PK,hybrid,1430,16,55,15,5,220,11
RS,hybrid,636,11,19,9,0,104,7
RU,hybrid,2967,110,230,164,5,1179,51
SA,hybrid,1571,53,109,81,11,529,23
SG,hybrid,2484,172,338,248,26,1292,57
SY,hybrid,39,3,4,1,2,7,1
SZ,hybrid,4,0,1,0,0,4,0
TN,hybrid,450,2,11,3,0,69,1
UG,hybrid,285,17,37,12,15,164,4
UY,hybrid,116,3,13,5,3,41,2
BA,hybrid,43,0,6,1,1,8,0
BB,hybrid,6,1,1,0,0,1,0
BF,hybrid,54,2,5,2,7,25,0
BG,hybrid,301,4,16,4,0,48,4
BM,hybrid,1,1,0,1,0,1,0
BY,hybrid,66,0,4,3,1,21,0
CH,hybrid,8370,763,1489,960,221,5236,261
CW,hybrid,1,1,0,0,0,1,0
DJ,hybrid,1,0,0,0,0,0,0
EC,hybrid,112,4,13,2,1,41,1
FR,hybrid,15970,937,2060,1135,232,7880,384
GF,hybrid,13,0,2,1,1,8,1
GH,hybrid,197,11,21,11,11,104,2
GL,hybrid,10,4,5,4,0,7,2
GM,hybrid,65,2,17,9,1,48,1
GN,hybrid,5,1,3,1,1,4,2
GR,hybrid,1423,42,138,72,36,542,28
HN,hybrid,6,0,0,0,0,0,0
ID,hybrid,436,49,56,25,33,196,5
IT,hybrid,14277,661,1733,912,324,6823,291
JO,hybrid,162,3,12,5,3,33,2
LB,hybrid,216,11,31,12,3,89,4
LK,hybrid,287,7,22,10,3,64,6
ML,hybrid,23,5,4,5,2,17,2
MN,hybrid,24,1,1,0,2,10,0
MT,hybrid,32,1,4,2,1,14,0
MU,hybrid,18,0,2,2,0,6,2
MY,hybrid,1486,32,111,41,11,348,19
NG,hybrid,672,18,43,16,10,210,8
NZ,hybrid,1178,129,209,147,55,704,53
PE,hybrid,186,20,48,13,6,105,1
PS,hybrid,16,2,1,1,0,6,0
SO,hybrid,2,0,0,0,0,1,0
SS,hybrid,1,0,0,0,0,1,0
TD,hybrid,3,1,1,1,0,3,1
TO,hybrid,2,0,1,0,1,2,0
TW,hybrid,6342,114,383,158,45,1878,55
US,hybrid,134387,13533,23198,15495,2635,79528,4521
VE,hybrid,105,4,8,3,1,32,1
ZW,hybrid,71,3,6,6,4,34,1
AL,bronze,39,0,2,0,0,6,0
BZ,bronze,3,0,2,0,0,2,0
CR,bronze,119,15,28,10,3,57,7
EE,bronze,400,36,53,20,2,177,15
ES,bronze,17524,1250,2916,1466,257,9495,507
FI,bronze,4222,388,782,432,91,2499,154
GB,bronze,42336,5601,9344,5188,2099,28880,2094
GD,bronze,20,0,2,0,0,11,2
GP,bronze,21,2,2,1,1,9,1
IL,bronze,5007,464,822,508,76,2970,193
JM,bronze,51,0,9,4,4,18,0
KE,bronze,322,33,59,39,47,174,10
KG,bronze,26,0,0,0,0,4,0
LA,bronze,26,2,4,0,4,12,2
LV,bronze,92,6,6,4,0,22,0
MD,bronze,15,2,2,0,1,4,0
MW,bronze,89,6,13,6,8,47,1
NA,bronze,22,0,6,2,0,9,0
PF,bronze,13,2,1,1,0,4,2
PW,bronze,1,0,0,0,0,0,0
PY,bronze,12,1,4,1,0,3,1
SD,bronze,75,2,3,1,2,21,0
TR,bronze,16191,77,368,72,42,1592,74
TT,bronze,38,1,1,0,4,10,1
WS,bronze,2,0,0,0,0,1,0
BE,bronze,6513,476,991,495,156,3850,253
BH,bronze,34,3,5,1,1,17,4
CG,bronze,11,0,0,0,0,5,0
CN,bronze,86744,2467,4732,2990,402,25558,1459
DO,bronze,5,0,0,0,0,3,0
DZ,bronze,692,4,17,8,0,49,7
GQ,bronze,1,0,0,0,0,1,0
GW,bronze,14,0,1,1,2,11,0
HT,bronze,18,0,1,1,2,16,0
HU,bronze,2019,105,210,87,10,705,58
KR,bronze,23577,517,1435,610,141,6082,559
MG,bronze,42,8,14,5,2,32,4
MK,bronze,85,3,5,1,2,15,2
NI,bronze,10,1,1,1,1,8,0
NP,bronze,89,6,23,10,12,50,5
QA,bronze,203,20,49,21,2,103,5
RW,bronze,37,2,5,4,2,21,0
SK,bronze,1809,25,46,12,3,208,18
SN,bronze,85,7,12,6,2,45,1
SV,bronze,11,0,2,0,1,7,1
TG,bronze,7,0,0,0,0,2,1
TZ,bronze,151,13,20,9,11,88,6
AD,bronze,1,0,0,0,0,1,0
AF,bronze,22,1,1,1,0,6,0
AM,bronze,55,4,7,2,0,22,1
AR,bronze,3256,167,398,130,17,1320,116
BN,bronze,28,1,2,2,0,5,0
CD,bronze,36,4,5,3,2,19,2
CI,bronze,50,3,4,2,2,21,0
CO,bronze,1129,50,199,54,12,486,16
CU,bronze,123,4,11,8,1,47,2
DM,bronze,4,0,1,1,0,4,0
EG,bronze,2288,44,148,48,23,533,22
FJ,bronze,14,0,2,0,2,5,0
GY,bronze,2,0,0,0,0,1,0
HR,bronze,1072,26,51,17,3,201,12
IN,bronze,12349,336,893,350,195,3430,334
IR,bronze,6653,88,285,113,32,944,55
IS,bronze,268,28,54,31,6,146,8
JP,bronze,64858,1631,4422,1783,363,18824,775
KZ,bronze,117,1,2,2,0,16,2
LY,bronze,42,0,3,0,0,9,1
MM,bronze,29,1,4,1,3,11,0
MR,bronze,4,0,0,0,1,3,0
MX,bronze,3654,171,343,122,19,1320,65
PH,bronze,208,14,36,8,6,72,5
PL,bronze,8908,205,396,155,28,1668,112
PT,bronze,2976,179,524,168,34,1464,97
SC,bronze,4,1,2,2,2,3,0
SE,bronze,9035,892,1656,1108,230,5540,310
SI,bronze,1093,17,50,14,10,205,12
SR,bronze,8,0,0,0,0,3,0
TH,bronze,2717,59,201,63,56,745,73
TJ,bronze,10,0,0,0,0,1,1
VA,bronze,7,2,4,3,0,6,0
VU,bronze,3,0,0,0,0,1,0
YE,bronze,27,1,1,1,1,5,0
AO,bronze,4,0,1,0,0,3,0
AT,bronze,4168,350,629,442,61,2149,144
BI,bronze,3,0,0,0,0,0,0
BJ,bronze,37,3,4,3,0,17,0
BR,bronze,10608,492,1337,519,126,4104,261
CF,bronze,2,1,2,1,0,2,1
CL,bronze,2313,269,329,136,13,1341,122
CM,bronze,136,1,11,7,2,46,4
CY,bronze,172,6,20,9,5,72,1
ER,bronze,5,0,0,0,0,1,0
FK,bronze,1,0,0,0,0,0,0
GA,bronze,46,4,10,3,1,37,3
GE,bronze,135,11,17,7,3,53,8
GT,bronze,36,1,5,1,3,17,0
IE,bronze,2577,252,499,250,83,1645,96
KN,bronze,12,1,1,2,1,3,0
LS,bronze,12,0,1,0,0,3,0
MZ,bronze,56,3,9,3,3,30,1
NC,bronze,42,9,11,3,4,22,0
NE,bronze,21,0,1,2,0,6,0
NL,bronze,17155,1544,3221,1657,811,11170,523
NO,bronze,3847,394,766,475,104,2256,114
PA,bronze,133,29,32,30,2,100,9
PG,bronze,41,6,13,5,9,21,1
RE,bronze,5,0,0,0,0,3,2
RO,bronze,1911,17,59,24,10,190,10
SB,bronze,4,0,0,0,2,2,0
SL,bronze,14,5,4,5,3,9,2
TL,bronze,1,0,0,0,0,1,0
TM,bronze,2,0,0,0,0,0,0
UA,bronze,680,18,17,7,0,135,10
UZ,bronze,20,2,4,1,2,7,0
VN,bronze,607,18,29,12,11,129,8
ZA,bronze,3166,296,480,233,125,1479,121
ZM,bronze,67,2,9,4,8,37,2
BA,bronze,160,1,2,1,0,23,1
BB,bronze,14,1,1,1,1,9,0
BF,bronze,61,2,8,2,7,31,2
BG,bronze,400,9,11,5,2,79,11
BM,bronze,11,4,0,0,0,0,1
BY,bronze,105,1,8,0,1,17,2
CH,bronze,9618,1017,1728,1055,270,5862,365
CW,bronze,1,0,1,0,0,1,0
EC,bronze,151,9,25,14,1,68,4
FR,bronze,24777,1948,3618,2025,417,14279,854
GF,bronze,34,6,6,5,0,19,2
GH,bronze,193,10,30,14,15,106,1
GL,bronze,23,2,3,2,1,10,0
GM,bronze,33,2,7,3,7,24,0
GN,bronze,16,2,5,4,2,11,1
GR,bronze,2800,124,330,139,52,1254,67
HN,bronze,5,0,1,0,0,1,0
ID,bronze,540,16,46,11,22,149,9
IT,bronze,21167,1369,2987,1347,404,11086,514
JO,bronze,314,2,17,2,6,64,1
LB,bronze,291,9,47,19,11,130,8
LK,bronze,158,11,16,7,10,60,1
ML,bronze,34,2,8,2,2,19,2
MN,bronze,37,0,4,3,1,9,1
MS,bronze,1,0,0,0,1,0,0
MT,bronze,80,4,8,5,0,35,2
MU,bronze,8,0,0,0,0,3,0
MY,bronze,2966,42,127,57,19,434,46
NG,bronze,647,9,49,8,15,177,15
NZ,bronze,3007,316,585,338,143,1646,145
PE,bronze,212,9,44,14,9,113,10
PS,bronze,31,0,3,1,0,6,2
SO,bronze,1,0,0,0,0,0,0
SS,bronze,1,0,0,0,1,0,0
ST,bronze,1,0,0,0,0,0,0
TD,bronze,4,0,0,0,0,1,0
TO,bronze,1,0,0,0,0,0,0
TW,bronze,7402,265,716,328,61,2685,167
US,bronze,221696,29025,48381,34260,6858,143754,8844
VE,bronze,156,9,24,8,3,75,5
ZW,bronze,61,3,5,5,3,28,0
AE,bronze,273,25,20,10,2,102,5
AU,bronze,22902,2597,4829,3079,1238,14331,976
AZ,bronze,54,0,0,0,0,0,1
BD,bronze,439,14,40,17,25,148,8
BO,bronze,44,4,7,2,2,22,2
BS,bronze,4,0,1,0,0,2,1
BT,bronze,18,1,4,0,1,7,1
BW,bronze,64,2,12,3,2,32,0
CA,bronze,27657,2707,5489,3008,707,16322,959
CV,bronze,1,0,1,0,0,1,0
CZ,bronze,5177,157,262,101,23,1223,115
DE,bronze,38744,3215,5448,3694,587,21271,1412
DK,bronze,6730,717,1486,904,236,4320,234
ET,bronze,208,16,22,12,5,91,2
GI,bronze,1,0,1,1,0,1,0
IQ,bronze,235,5,7,4,2,31,0
KH,bronze,57,4,10,6,8,29,1
KP,bronze,8,0,0,0,0,4,1
KW,bronze,172,2,13,4,2,49,3
KY,bronze,1,0,0,0,0,0,0
LI,bronze,9,0,0,1,0,5,0
LR,bronze,4,0,2,0,1,4,0
LT,bronze,626,13,11,11,3,90,5
LU,bronze,141,10,26,16,2,69,3
MA,bronze,256,3,9,3,2,48,5
MC,bronze,26,2,7,4,0,15,2
ME,bronze,56,1,3,0,1,3,3
MV,bronze,5,1,3,0,0,2,0
OM,bronze,105,0,5,2,1,29,1
PK,bronze,2124,20,57,22,18,218,16
RS,bronze,1215,16,43,11,3,217,11
RU,bronze,4166,162,179,169,19,1144,135
SA,bronze,2049,54,137,82,23,514,31
SG,bronze,2879,226,445,317,53,1386,87
SY,bronze,71,2,4,2,1,16,2
SZ,bronze,4,0,0,0,0,1,1
TN,bronze,706,7,24,13,4,135,11
UG,bronze,195,13,36,23,18,126,5
UY,bronze,213,11,27,18,0,107,10
AW,green,1,0,0,0,0,0,0
BE,green,19164,1162,2194,861,352,11106,428
BH,green,72,5,12,4,1,32,2
CG,green,27,0,1,2,1,13,0
CN,green,133801,4550,9361,3973,546,55307,1300
DO,green,18,0,2,2,0,6,1
DZ,green,1303,12,60,38,2,353,8
GW,green,15,0,2,2,2,12,1
HT,green,31,0,7,2,2,23,2
HU,green,9652,312,757,244,24,3861,136
KM,green,1,0,0,0,0,0,0
KR,green,23515,864,1977,755,125,10048,294
LC,green,1,0,0,0,0,0,0
MG,green,68,5,9,5,3,49,2
MK,green,301,4,14,5,1,90,0
MQ,green,1,0,0,0,0,0,0
NI,green,21,2,6,2,2,11,0
NP,green,216,24,42,12,12,137,3
QA,green,632,41,103,47,7,363,13
RW,green,104,9,10,7,5,55,1
SK,green,1331,39,90,20,7,568,22
SM,green,5,0,0,0,0,2,0
SN,green,241,6,18,8,7,89,0
SV,green,14,0,1,1,1,6,0
TG,green,31,3,10,2,0,17,2
TZ,green,415,37,68,31,15,252,15
AO,green,30,0,5,0,0,10,0
AT,green,10370,848,1297,985,139,6113,275
BI,green,21,3,5,0,3,13,1
BJ,green,170,6,16,6,5,92,0
BR,green,32708,1038,3822,801,172,13450,391
CF,green,12,0,1,1,0,9,0
CL,green,7774,611,837,311,46,4000,216
CM,green,454,21,67,9,10,191,6
CY,green,612,32,47,19,8,306,8
ER,green,13,0,0,0,0,5,0
FK,green,1,0,0,0,0,1,0
GA,green,57,5,9,7,2,38,4
GE,green,341,22,46,8,3,208,6
GT,green,40,0,6,0,2,15,0
IE,green,9207,532,1102,461,166,5021,194
KN,green,20,4,3,3,1,16,0
LS,green,18,0,3,0,0,7,0
MZ,green,152,7,17,12,4,89,1
NC,green,130,14,18,7,7,69,4
NE,green,50,0,6,2,0,19,0
NL,green,40736,3357,5872,2833,1186,24320,877
NO,green,13880,1153,2078,1061,292,7584,216
PA,green,168,36,56,37,2,122,14
PG,green,44,4,11,5,9,32,3
RE,green,39,2,7,4,0,25,2
RO,green,2624,66,201,55,6,1091,17
SB,green,9,1,1,0,2,5,0
SL,green,15,4,6,4,3,13,3
TL,green,2,0,0,0,0,1,0
TM,green,1,0,0,0,0,0,0
UA,green,2930,121,159,28,3,1487,35
UZ,green,220,6,11,1,2,124,1
VN,green,1399,61,123,45,17,599,16
ZA,green,11247,725,1471,547,272,5036,253
ZM,green,182,17,21,14,10,124,4
AL,green,44,2,3,1,1,19,0
BZ,green,5,0,1,0,0,5,0
CR,green,273,16,42,18,10,132,3
EE,green,831,75,120,36,11,486,23
ES,green,69947,3359,7935,3445,588,32353,1049
FI,green,11371,790,1550,732,144,6588,245
GB,green,188564,19316,30778,17023,5291,122583,5123
GD,green,26,0,3,1,0,15,1
GP,green,77,2,8,6,4,39,1
IL,green,9786,722,1020,518,59,5706,211
JM,green,102,0,4,0,0,28,0
KE,green,947,100,160,102,75,623,28
KG,green,41,1,0,0,0,23,0
LA,green,56,4,9,2,7,38,1
LV,green,257,11,26,7,3,113,3
MD,green,107,2,6,2,1,52,1
MW,green,333,30,65,27,23,194,12
NA,green,58,1,5,2,1,24,0
PF,green,61,8,7,4,3,30,3
PW,green,3,3,3,2,0,3,0
PY,green,25,2,6,1,0,14,1
SD,green,155,8,14,5,4,71,0
TR,green,13687,210,686,148,51,3665,80
TT,green,80,1,9,0,1,33,3
VC,green,1,0,0,0,0,0,0
WS,green,1,0,0,0,1,0,0
AD,green,10,0,3,1,0,6,0
AF,green,15,0,1,1,1,6,1
AG,green,5,0,1,0,1,5,0
AM,green,1045,110,221,102,5,911,21
AN,green,4,0,0,0,0,1,0
AR,green,6528,339,656,145,51,3092,128
BN,green,52,2,4,1,0,22,0
CD,green,91,5,24,1,3,52,2
CI,green,138,11,15,8,6,77,1
CO,green,2288,103,292,73,28,1053,37
CU,green,317,7,22,6,0,135,3
DM,green,5,1,2,1,0,3,1
EG,green,3037,76,288,74,20,1227,32
FJ,green,30,2,5,3,1,14,0
GY,green,12,1,1,2,0,6,0
HR,green,2932,61,153,36,10,816,23
IN,green,26694,1066,2354,595,198,13137,397
IR,green,10491,270,651,141,25,4054,62
IS,green,721,46,112,48,19,403,16
JP,green,52551,2722,5407,2123,225,27819,670
KZ,green,480,16,36,8,2,258,12
LY,green,123,5,2,2,1,40,3
MM,green,60,5,10,3,3,35,0
MR,green,12,0,0,0,1,4,0
MX,green,6726,372,804,179,44,3551,122
PH,green,303,16,49,15,13,158,7
PL,green,14289,552,1321,370,52,7149,230
PT,green,16284,614,1919,479,118,6578,196
SC,green,9,2,2,1,1,8,0
SE,green,24552,1741,3203,1834,460,13548,572
SI,green,2014,59,143,32,13,850,22
SR,green,16,0,4,0,1,6,0
TH,green,2870,118,326,104,80,1324,62
TJ,green,14,0,1,0,1,7,0
VA,green,15,4,6,5,0,13,1
VU,green,2,0,1,0,0,1,0
YE,green,57,3,5,3,2,20,3
AE,green,791,52,64,32,4,390,8
AI,green,1,0,0,0,0,0,0
AU,green,45193,4394,7681,4379,1706,26883,1215
AZ,green,160,0,18,2,0,71,1
BD,green,812,21,65,29,28,390,14
BO,green,64,5,14,5,2,37,4
BS,green,19,2,9,4,0,13,1
BT,green,26,1,6,1,2,15,4
BW,green,161,13,36,15,7,95,2
CA,green,42637,3503,6675,3212,799,25043,1157
CK,green,1,0,1,0,0,1,0
CV,green,9,2,0,1,0,4,0
CZ,green,6429,298,568,176,26,3167,138
DE,green,90546,7165,10471,6262,1011,53430,2047
DK,green,17402,1257,2124,1263,345,9037,364
ET,green,691,60,96,16,15,396,4
GI,green,1,0,1,1,0,1,0
IQ,green,753,20,34,15,3,225,2
KH,green,103,11,24,9,9,72,2
KP,green,37,1,2,1,0,29,0
KW,green,260,10,17,10,0,112,7
KY,green,1,0,0,0,0,0,0
LI,green,14,1,0,0,0,6,0
LR,green,13,4,4,3,2,9,2
LT,green,804,27,48,15,2,330,15
LU,green,1083,45,90,57,17,505,14
MA,green,1047,30,133,58,3,491,14
MC,green,47,14,6,4,1,27,2
ME,green,105,0,3,0,0,11,0
MV,green,11,3,6,0,1,9,1
OM,green,203,9,23,4,3,84,2
PK,green,3330,73,202,54,25,1131,27
RS,green,3269,70,136,33,6,705,20
RU,green,16812,949,1350,526,14,9941,252
SA,green,5403,199,359,261,29,2033,61
SG,green,6264,437,714,525,58,3420,141
SY,green,98,1,8,1,4,36,1
SZ,green,24,1,5,1,0,13,1
TN,green,1679,21,63,34,4,462,11
UG,green,571,53,100,34,26,378,11
UY,green,541,24,60,19,8,256,7
BA,green,186,1,5,3,0,45,1
BB,green,30,1,4,2,2,12,0
BF,green,166,12,17,12,8,80,4
BG,green,913,51,75,17,2,428,16
BM,green,10,5,2,2,0,5,0
BY,green,341,7,30,5,1,147,4
CH,green,33876,2746,4481,2606,569,19400,866
CW,green,3,2,2,2,0,3,0
DJ,green,7,0,0,1,0,1,0
EC,green,489,29,76,25,2,254,9
FR,green,78006,4170,6493,4517,746,36833,1380
GF,green,75,11,7,6,1,45,1
GH,green,481,27,55,25,26,273,6
GL,green,46,11,9,8,1,31,2
GM,green,68,7,15,10,8,48,2
GN,green,23,1,5,1,1,17,2
GR,green,5308,251,491,143,46,2602,79
HN,green,18,0,4,2,2,9,1
ID,green,1020,63,115,33,37,453,6
IT,green,58991,3245,6013,2483,634,30527,936
JO,green,490,10,36,7,7,180,7
LB,green,612,33,72,38,11,288,12
LK,green,370,18,47,15,21,189,7
ML,green,71,7,10,8,3,36,2
MN,green,56,3,5,4,0,35,2
MS,green,1,0,0,0,1,0,0
MT,green,143,8,16,7,2,78,3
MU,green,37,2,3,0,1,15,0
MY,green,7699,139,451,137,50,1882,93
NG,green,1377,46,121,30,25,510,22
NZ,green,4288,357,695,314,142,2461,117
PE,green,543,36,109,27,18,303,7
PS,green,64,8,3,1,2,27,0
SO,green,2,0,1,0,0,2,0
SS,green,5,0,0,0,1,4,0
ST,green,1,0,0,0,0,0,0
TD,green,10,2,1,2,0,8,1
TW,green,10128,416,1177,356,57,4891,116
US,green,505758,51494,84274,55014,13964,304408,16281
VE,green,391,22,48,11,0,202,3
ZW,green,191,16,26,15,7,101,3

